[
  {
    "name": "Viiru muuttaa",
    "date": "01.04.2025",
    "time": "18:00",
    "venue": "Turun Kaupunginteatteri",
    "address": "Itäinen Rantakatu 14, 20100 Turku",
    "category": "kulttuuri",
    "potential": 3,
    "bestArrivalTime": "17:30-18:00 ja 19:30-20:00"
  },
  {
    "name": "Viiru muuttaa aistiystävällisempi näytös",
    "date": "01.04.2025",
    "time": "18:00",
    "venue": "Turun Kaupunginteatteri",
    "address": "Itäinen Rantakatu 14, 20100 Turku",
    "category": "kulttuuri",
    "potential": 3,
    "bestArrivalTime": "17:30-18:00 ja 19:30-20:00"
  },
  {
    "name": "Lumikki ja seitsemän kääpiötä",
    "date": "02.04.2025",
    "time": "18:00",
    "venue": "Turun Kaupunginteatteri",
    "address": "Itäinen Rantakatu 14, 20100 Turku",
    "category": "kulttuuri",
    "potential": 3,
    "bestArrivalTime": "17:30-18:00 ja 19:30-20:00"
  },
  {
    "name": "Maailman ympäri 60 minuutissa",
    "date": "02.04.2025",
    "time": "19:00",
    "venue": "Logomo",
    "address": "Köydenpunojankatu 14, 20100 Turku",
    "category": "kulttuuri",
    "potential": 4,
    "bestArrivalTime": "18:30-19:00 ja 20:30-21:00"
  },
  {
    "name": "KONSTCIRKELN",
    "date": "03.04.2025",
    "time": "12:00",
    "venue": "Turun Taidemuseo",
    "address": "Aurakatu 26, 20100 Turku",
    "category": "kulttuuri",
    "potential": 2,
    "bestArrivalTime": "11:30-12:00 ja 13:30-14:00"
  },
  {
    "name": "Eläintila - Eläinten Vallankumous",
    "date": "03.04.2025",
    "time": "18:00",
    "venue": "Turun Kaupunginteatteri",
    "address": "Itäinen Rantakatu 14, 20100 Turku",
    "category": "kulttuuri",
    "potential": 3,
    "bestArrivalTime": "17:30-18:00 ja 19:30-20:00"
  },
  {
    "name": "INGMAR BERGMANS DET SJUNDE INSEGLET ENLIGT 123 SCHTUNK",
    "date": "03.04.2025",
    "time": "18:30",
    "venue": "Åbo Svenska Teater",
    "address": "Eerikinkatu 13, 20100 Turku",
    "category": "kulttuuri",
    "potential": 3,
    "bestArrivalTime": "18:00-18:30 ja 20:30-21:00"
  },
  {
    "name": "JETHRO TULL - The Seven Decades",
    "date": "03.04.2025",
    "time": "19:00",
    "venue": "Logomo",
    "address": "Köydenpunojankatu 14, 20100 Turku",
    "category": "kulttuuri",
    "potential": 4,
    "bestArrivalTime": "18:30-19:00 ja 21:00-21:30"
  },
  {
    "name": "Stand up, Teatteri! (K-18)",
    "date": "04.04.2025",
    "time": "18:30",
    "venue": "Turun Kaupunginteatteri",
    "address": "Itäinen Rantakatu 14, 20100 Turku",
    "category": "yoelama",
    "potential": 4,
    "bestArrivalTime": "18:00-18:30 ja 20:30-21:00"
  },
  {
    "name": "Eläintila - Eläinten Vallankumous",
    "date": "05.04.2025",
    "time": "17:00",
    "venue": "Turun Kaupunginteatteri",
    "address": "Itäinen Rantakatu 14, 20100 Turku",
    "category": "kulttuuri",
    "potential": 3,
    "bestArrivalTime": "16:30-17:00 ja 18:30-19:00"
  },
  {
    "name": "Lumikki ja seitsemän kääpiötä",
    "date": "06.04.2025",
    "time": "13:00",
    "venue": "Turun Kaupunginteatteri",
    "address": "Itäinen Rantakatu 14, 20100 Turku",
    "category": "kulttuuri",
    "potential": 3,
    "bestArrivalTime": "12:30-13:00 ja 14:30-15:00"
  },
  {
    "name": "KONSTCIRKELN",
    "date": "10.04.2025",
    "time": "12:00",
    "venue": "Turun Taidemuseo",
    "address": "Aurakatu 26, 20100 Turku",
    "category": "kulttuuri",
    "potential": 2,
    "bestArrivalTime": "11:30-12:00 ja 13:30-14:00"
  },
  {
    "name": "Angelika Klas",
    "date": "12.04.2025",
    "time": "19:00",
    "venue": "Logomo",
    "address": "Köydenpunojankatu 14, 20100 Turku",
    "category": "kulttuuri",
    "potential": 4,
    "bestArrivalTime": "18:30-19:00 ja 21:00-21:30"
  },
  {
    "name": "The Music of Hans Zimmer & Others",
    "date": "15.04.2025",
    "time": "19:00",
    "venue": "Logomo",
    "address": "Köydenpunojankatu 14, 20100 Turku",
    "category": "kulttuuri",
    "potential": 5,
    "bestArrivalTime": "18:30-19:00 ja 21:00-21:30"
  },
  {
    "name": "Jukka Kuoppamäki",
    "date": "18.04.2025",
    "time": "19:00",
    "venue": "Logomo",
    "address": "Köydenpunojankatu 14, 20100 Turku",
    "category": "kulttuuri",
    "potential": 4,
    "bestArrivalTime": "18:30-19:00 ja 21:00-21:30"
  },
  {
    "name": "Tähtien kevät",
    "date": "20.04.2025",
    "time": "18:00",
    "venue": "Logomo",
    "address": "Köydenpunojankatu 14, 20100 Turku",
    "category": "kulttuuri",
    "potential": 4,
    "bestArrivalTime": "17:30-18:00 ja 20:00-20:30"
  },
  {
    "name": "The Rock Orchestra by Candlelight",
    "date": "22.04.2025",
    "time": "19:00",
    "venue": "Turun Konserttitalo",
    "address": "Aninkaistenkatu 9, 20100 Turku",
    "category": "kulttuuri",
    "potential": 4,
    "bestArrivalTime": "18:30-19:00 ja 21:00-21:30"
  },
  {
    "name": "BESS",
    "date": "25.04.2025",
    "time": "20:00",
    "venue": "Logomo",
    "address": "Köydenpunojankatu 14, 20100 Turku",
    "category": "yoelama",
    "potential": 5,
    "bestArrivalTime": "19:30-20:00 ja 22:00-22:30"
  },
  {
    "name": "FC Inter vs HJK",
    "date": "06.04.2025",
    "time": "16:00",
    "venue": "Veritas Stadion",
    "address": "Hippoksentie 6, 20720 Turku",
    "category": "urheilu",
    "potential": 4,
    "bestArrivalTime": "15:00-15:45 ja 17:45-18:30"
  },
  {
    "name": "TPS vs KuPS",
    "date": "13.04.2025",
    "time": "16:00",
    "venue": "Veritas Stadion",
    "address": "Hippoksentie 6, 20720 Turku",
    "category": "urheilu",
    "potential": 4,
    "bestArrivalTime": "15:00-15:45 ja 17:45-18:30"
  },
  {
    "name": "Turun Kevätmarkkinat",
    "date": "12.04.2025",
    "time": "10:00",
    "venue": "Kauppatori",
    "address": "Kauppatori, 20100 Turku",
    "category": "markkinat",
    "potential": 5,
    "bestArrivalTime": "09:30-10:00 ja 14:00-14:30"
  },
  {
    "name": "Aurajoen Yöjuoksu",
    "date": "15.04.2025",
    "time": "21:00",
    "venue": "Aurajoen ranta",
    "address": "Läntinen Rantakatu, 20100 Turku",
    "category": "urheilu",
    "potential": 3,
    "bestArrivalTime": "20:30-21:00 ja 22:30-23:00"
  },
  {
    "name": "Lasten Kevätfestivaali",
    "date": "18.04.2025",
    "time": "12:00",
    "venue": "Kupittaan puisto",
    "address": "Kupittaankatu 10, 20520 Turku",
    "category": "perhe",
    "potential": 4,
    "bestArrivalTime": "11:30-12:00 ja 15:00-15:30"
  },
  {
    "name": "Turun Taidehalli: Kevään uudet näyttelyt",
    "date": "20.04.2025",
    "time": "11:00",
    "venue": "Turun Taidehalli",
    "address": "Vanha Suurtori 5, 20500 Turku",
    "category": "kulttuuri",
    "potential": 3,
    "bestArrivalTime": "10:30-11:00 ja 13:30-14:00"
  },
  {
    "name": "Doris Perjantaibileet",
    "date": "04.04.2025",
    "time": "22:00",
    "venue": "Yökerho Doris",
    "address": "Linnankatu 18, 20100 Turku",
    "category": "yoelama",
    "potential": 4,
    "bestArrivalTime": "21:30-22:30 ja 01:00-04:30"
  },
  {
    "name": "Doris Lauantaibileet",
    "date": "05.04.2025",
    "time": "22:00",
    "venue": "Yökerho Doris",
    "address": "Linnankatu 18, 20100 Turku",
    "category": "yoelama",
    "potential": 5,
    "bestArrivalTime": "21:30-22:30 ja 01:00-04:30"
  },
  {
    "name": "Marilyn Perjantaibileet",
    "date": "11.04.2025",
    "time": "22:00",
    "venue": "Yökerho Marilyn",
    "address": "Eerikinkatu 19, 20100 Turku",
    "category": "yoelama",
    "potential": 4,
    "bestArrivalTime": "21:30-22:30 ja 01:00-04:30"
  },
  {
    "name": "Marilyn Lauantaibileet",
    "date": "12.04.2025",
    "time": "22:00",
    "venue": "Yökerho Marilyn",
    "address": "Eerikinkatu 19, 20100 Turku",
    "category": "yoelama",
    "potential": 5,
    "bestArrivalTime": "21:30-22:30 ja 01:00-04:30"
  },
  {
    "name": "Doris x Smile: PääsiäisRumba",
    "date": "18.04.2025",
    "time": "22:00",
    "venue": "Yökerho Doris",
    "address": "Linnankatu 18, 20100 Turku",
    "category": "yoelama",
    "potential": 5,
    "bestArrivalTime": "21:30-22:30 ja 01:00-04:30"
  },
  {
    "name": "Marilyn Pääsiäisbileet",
    "date": "19.04.2025",
    "time": "22:00",
    "venue": "Yökerho Marilyn",
    "address": "Eerikinkatu 19, 20100 Turku",
    "category": "yoelama",
    "potential": 5,
    "bestArrivalTime": "21:30-22:30 ja 01:00-04:30"
  },
  {
    "name": "Doris Perjantaibileet",
    "date": "25.04.2025",
    "time": "22:00",
    "venue": "Yökerho Doris",
    "address": "Linnankatu 18, 20100 Turku",
    "category": "yoelama",
    "potential": 4,
    "bestArrivalTime": "21:30-22:30 ja 01:00-04:30"
  },
  {
    "name": "Marilyn Lauantaibileet",
    "date": "26.04.2025",
    "time": "22:00",
    "venue": "Yökerho Marilyn",
    "address": "Eerikinkatu 19, 20100 Turku",
    "category": "yoelama",
    "potential": 5,
    "bestArrivalTime": "21:30-22:30 ja 01:00-04:30"
  },
  {
    "name": "Föri-lautan kesäkauden avajaiset",
    "date": "15.04.2025",
    "time": "14:00",
    "venue": "Föri-lautta",
    "address": "Aurajoki, 20100 Turku",
    "category": "liikenne",
    "potential": 3,
    "bestArrivalTime": "13:30-14:00 ja 15:30-16:00"
  },
  {
    "name": "Bussilinja 1 - Uusi reitti käyttöön",
    "date": "01.04.2025",
    "time": "05:00",
    "venue": "Turun kaupunki",
    "address": "Turun keskusta, 20100 Turku",
    "category": "liikenne",
    "potential": 3,
    "bestArrivalTime": "06:30-09:00 ja 15:00-17:30"
  },
  {
    "name": "Bussilinja 6 - Uusi reitti käyttöön",
    "date": "01.04.2025",
    "time": "05:00",
    "venue": "Turun kaupunki",
    "address": "Turun keskusta, 20100 Turku",
    "category": "liikenne",
    "potential": 3,
    "bestArrivalTime": "06:30-09:00 ja 15:00-17:30"
  },
  {
    "name": "Turun Filharmonisen Orkesterin kevätkonsertti",
    "date": "02.04.2025",
    "time": "19:00",
    "venue": "Turun konserttitalo",
    "address": "Aninkaistenkatu 9, 20100 Turku",
    "category": "kulttuuri",
    "potential": 4,
    "bestArrivalTime": "18:30-19:00 ja 21:00-21:30"
  },
  {
    "name": "Turun Kaupunginteatterin Kevätgaala",
    "date": "05.04.2025",
    "time": "18:00",
    "venue": "Turun Kaupunginteatteri",
    "address": "Itäinen Rantakatu 14, 20100 Turku",
    "category": "kulttuuri",
    "potential": 4,
    "bestArrivalTime": "17:30-18:00 ja 20:30-21:00"
  },
  {
    "name": "Turun Yliopiston Seminaari: Tulevaisuuden liikenne",
    "date": "10.04.2025",
    "time": "13:00",
    "venue": "Turun Yliopisto",
    "address": "Turun yliopisto, 20014 Turku",
    "category": "seminaari",
    "potential": 3,
    "bestArrivalTime": "12:30-13:00 ja 16:00-16:30"
  },
  {
    "name": "Turun AMK: Teknologiaseminaari",
    "date": "16.04.2025",
    "time": "10:00",
    "venue": "Turun AMK",
    "address": "Joukahaisenkatu 3, 20520 Turku",
    "category": "seminaari",
    "potential": 3,
    "bestArrivalTime": "09:30-10:00 ja 15:00-15:30"
  },
  {
    "name": "Turku Business Forum",
    "date": "23.04.2025",
    "time": "09:00",
    "venue": "Logomo",
    "address": "Köydenpunojankatu 14, 20100 Turku",
    "category": "seminaari",
    "potential": 4,
    "bestArrivalTime": "08:30-09:00 ja 16:00-16:30"
  },
  {
    "name": "Turun Panimofestivaali",
    "date": "26.04.2025",
    "time": "14:00",
    "venue": "Vanha Suurtori",
    "address": "Vanha Suurtori, 20500 Turku",
    "category": "yoelama",
    "potential": 5,
    "bestArrivalTime": "13:30-14:00 ja 20:00-21:00"
  },
  {
    "name": "Ruisrock Early Bird Party",
    "date": "19.04.2025",
    "time": "20:00",
    "venue": "Dynamo",
    "address": "Linnankatu 7, 20100 Turku",
    "category": "yoelama",
    "potential": 4,
    "bestArrivalTime": "19:30-20:00 ja 23:00-00:00"
  },
  {
    "name": "Turun Kirjamessut Mini",
    "date": "13.04.2025",
    "time": "10:00",
    "venue": "Turun Kaupunginkirjasto",
    "address": "Linnankatu 2, 20100 Turku",
    "category": "kulttuuri",
    "potential": 3,
    "bestArrivalTime": "09:30-10:00 ja 15:30-16:00"
  },
  {
    "name": "Turun Ravintolapäivä",
    "date": "20.04.2025",
    "time": "11:00",
    "venue": "Turun keskusta",
    "address": "Turun keskusta, 20100 Turku",
    "category": "ruoka",
    "potential": 4,
    "bestArrivalTime": "11:30-14:00 ja 16:00-18:00"
  },
  {
    "name": "Turun Jokiranta Markkinat",
    "date": "27.04.2025",
    "time": "10:00",
    "venue": "Aurajoen ranta",
    "address": "Itäinen Rantakatu, 20100 Turku",
    "category": "markkinat",
    "potential": 4,
    "bestArrivalTime": "09:30-10:00 ja 14:00-15:00"
  },
  {
    "name": "Turun Pyöräilytapahtuma",
    "date": "21.04.2025",
    "time": "12:00",
    "venue": "Kupittaan puisto",
    "address": "Kupittaankatu 10, 20520 Turku",
    "category": "urheilu",
    "potential": 3,
    "bestArrivalTime": "11:30-12:00 ja 15:00-15:30"
  },
  {
    "name": "Turun Kaupungin Liikennefoorumi",
    "date": "24.04.2025",
    "time": "17:00",
    "venue": "Turun Kaupungintalo",
    "address": "Aurakatu 2, 20100 Turku",
    "category": "liikenne",
    "potential": 3,
    "bestArrivalTime": "16:30-17:00 ja 19:00-19:30"
  },
  {
    "name": "Turun Sataman Avoimet Ovet",
    "date": "28.04.2025",
    "time": "10:00",
    "venue": "Turun Satama",
    "address": "Linnankatu 90, 20100 Turku",
    "category": "liikenne",
    "potential": 3,
    "bestArrivalTime": "09:30-10:00 ja 14:30-15:00"
  },
  {
    "name": "Turun Linja-autoaseman Infotilaisuus",
    "date": "29.04.2025",
    "time": "15:00",
    "venue": "Turun Linja-autoasema",
    "address": "Aninkaistenkatu 20, 20100 Turku",
    "category": "liikenne",
    "potential": 3,
    "bestArrivalTime": "14:30-15:00 ja 16:30-17:00"
  },
  {
    "name": "Turun Rautatieaseman Infotilaisuus",
    "date": "30.04.2025",
    "time": "15:00",
    "venue": "Turun Rautatieasema",
    "address": "Ratapihankatu 37, 20100 Turku",
    "category": "liikenne",
    "potential": 3,
    "bestArrivalTime": "14:30-15:00 ja 16:30-17:00"
  }
]
